Player Name	Count
Kareem Abdul-Jabbar	16
Oscar Robertson	16
Shaquille O'Neal	16
Tim Duncan	16
Hakeem Olajuwon	16
David Robinson	16
Wilt Chamberlain	16
John Havlicek	16
Isiah Thomas	16
Allen Iverson	16
Willis Reed	16
Julius Erving	16
Jerry West	16
Stephen Curry	16
Karl Malone	16
Charles Barkley	16
Kobe Bryant	16
Bob Cousy	16
Magic Johnson	16
Walt Frazier	16
LeBron James	16
Bob Pettit	16
Kevin Garnett	16
Elgin Baylor	16
Larry Bird	16
Bill Russell	16
Dwyane Wade	16
Kevin Durant	16
Michael Jordan	16
Elvin Hayes	16
James Harden	16
Gary Payton	16
Chris Paul	16
Russell Westbrook	16
Dirk Nowitzki	16
Jason Kidd	16
John Stockton	16
Dolph Schayes	16
Giannis Antetokounmpo	16
Anthony Davis	16
Dave Bing	16
George Gervin	16
Moses Malone	16
Paul Arizin	16
Hal Greer	16
Clyde Drexler	16
Dominique Wilkins	16
Lenny Wilkens	16
Dave DeBusschere	16
Damian Lillard	16
Jerry Lucas	16
Nate Archibald	16
Dave Cowens	16
Bill Sharman	16
Rick Barry	16
Pete Maravich	16
Scottie Pippen	16
Wes Unseld	15
Kevin McHale	15
Steve Nash	15
Bill Walton	15
Ray Allen	15
Robert Parish	15
Carmelo Anthony	15
Bob McAdoo	14
Paul Pierce	14
Nate Thurmond	13
James Worthy	13
Dennis Rodman	13
Kawhi Leonard	13
Billy Cunningham	12
George Mikan	12
Sam Jones	12
Earl Monroe	10
Reggie Miller	10
Chris Bosh	8
Kyrie Irving	7
Paul George	5
Dwight Howard	3
Jojo White	3
Slater Martin	3
Walt Bellamy	2
Ed Macauley	2
Luka Dončić	2
Tom Heinsohn	2
Klay Thompson	2
Dennis Johnson	2
Latrell Sprewell	1
Nikola Jokić	1
Jim Pollard	1
Neil Johnston	1
Jayson Tatum	1
Gail Goodrich	1
